nv,carson city
nv,churchill
nv,clark
nv,douglas
nv,elko
nv,esmeralda
nv,eureka
nv,humboldt
nv,lander
nv,lincoln
nv,lyon
nv,mineral
nv,nye
nv,pershing
nv,storey
nv,washoe
nv,white pine
nm,bernalillo
nm,catron
nm,chaves
nm,cibola
nm,colfax
nm,curry
nm,de baca
nm,dona ana
nm,eddy
nm,grant
nm,guadalupe
nm,harding
nm,hidalgo
nm,lea
nm,lincoln
nm,los alamos
nm,luna
nm,mckinley
nm,mora
nm,otero
nm,quay
nm,rio arriba
nm,roosevelt
nm,sandoval
nm,san juan
nm,san miguel
nm,santa fe
nm,sierra
nm,socorro
nm,taos
nm,torrance
nm,union
nm,valencia
